{"cameraMode":{"drawMode":0,"name":"Shaded","section":"Shading Mode"},"sceneLighting":true,"audioPlay":false,"sceneViewState":{"m_AlwaysRefresh":false,"showFog":true,"showSkybox":true,"showFlares":true,"showImageEffects":true,"showParticleSystems":true,"showVisualEffectGraphs":true,"m_FxEnabled":true},"in2DMode":false,"pivot":{"x":-1.6703335046768189,"y":41.715782165527347,"z":-12.501041412353516},"rotation":{"x":0.5947036147117615,"y":0.0012059396831318737,"z":-0.0008920115069486201,"w":0.8039414882659912},"size":5.546926975250244,"orthographic":true}